Value Bets,Value Players,ratio_bets_players
127963.5,7586,1686.8375955707884
198382.47,10938,1813.6996708721888
106476.71,7392,1440.4316829004329
202130.68,11638,1736.8162914590137
181589.7,13347,1360.5282085861993
147838.9,10566,1399.194586409237
115347.82,6611,1744.7862653153834
116929.5,7505,1558.0213191205862
203807.90000000002,9273,2197.8636902836192
178653.71,12203,1464.0146685241334
105416.29999999999,7102,1484.3185018304703
99323.33,6097,1629.0524848286043
138636.1,8911,1555.7861070586914
77344.3,5986,1292.086535248914
165454.9,9753,1696.451348303086
123026.3,6274,1960.8909786420145
116461.52,5861,1987.0588636751406
60491.0,3792,1595.2267932489451
63751.2,3181,2004.1244891543538
184175.54,10801,1705.1711878529766
96760.3,6516,1484.9647022713323
106244.65,5764,1843.2451422623178
151107.27,10564,1430.398239303294
73989.7,4293,1723.4963894712323
156548.05,9716,1611.2397076986413
108583.6,5153,2107.1919270327962
210498.59,10863,1937.7574334898277
196947.7,12096,1628.205191798942
110808.29,5601,1978.3661846098908
138066.9,9090,1518.8877887788778
96700.0,6762,1430.050280981958
183062.7,10139,1805.530131176645
165658.86,9768,1695.934275184275
155034.81,8851,1751.6078409219297
85051.0,5119,1661.4768509474504
146861.09,10028,1464.5102712405264
210609.21,11751,1792.2662752106203
176275.24,10733,1642.3669058045282
121214.19,5959,2034.1364322872967
144787.5,12877,1124.3884445134736
104189.63,5519,1887.8352962493207
123227.2,8358,1474.3622876286192
84597.70000000001,4536,1865.0286596119934
84811.27,4135,2051.058524788392
70092.4,4544,1542.5264084507041
115507.15,8323,1387.8066802835515
177258.69999999998,12816,1383.1047128589262
94501.08,4569,2068.3099146421537
117600.7,9471,1241.692535107169
100082.41,5197,1925.7727535116412
208894.33,12049,1733.7067806456964
145824.2,8076,1805.6488360574544
183336.66,11406,1607.370331404524
143611.8,8831,1626.2235307439698
272934.3,12362,2207.849053551205
88169.36,5794,1521.7355885398688
103735.97,6111,1697.5285550646377
143380.84,9865,1453.4297009630004
93034.3,7802,1192.4416816200974
42613.6,2490,1711.3895582329317
109165.52,6620,1649.025981873112
116041.88,6726,1725.2732679155517
157036.47,10819,1451.4878454570662
120716.98,6196,1948.3050355067785
180165.7,10252,1757.3712446351933
134168.4,10108,1327.3486347447565
162227.4,11894,1363.9431646208172
116072.34,6132,1892.89530332681
171107.5,9481,1804.7410610695074
112469.29,5787,1943.4817694833246
184055.3,10236,1798.1174286830792
178040.54,9652,1844.5973891421468
160245.8,9610,1667.4901144640999
131771.4,6903,1908.9004780530204
136664.85,6571,2079.8181403134986
100952.06,5964,1692.6904761904761
102206.41,5667,1803.536439032998
87424.29,4550,1921.412967032967
178304.8,10265,1737.0170482221138
127392.4,8173,1558.6981524531996
167603.80000000002,8994,1863.5067822993108
97745.55,3821,2558.114367966501
103647.49,4576,2265.02381993007
98294.59999999999,6499,1512.4573011232496
97384.54,5652,1723.010261854211
228030.04,12863,1772.7593873901887
110769.65,4843,2287.2114391905843
176408.52,10455,1687.312482065997
186021.98,9763,1905.377240602274
190348.53,11200,1699.5404464285712
254130.82,13270,1915.0777694046724
82660.3,6089,1357.5348989981935
67609.29,4601,1469.4477287546185
44947.399999999994,2998,1499.246164109406
79964.2,6108,1309.1715782580222
213680.3,12587,1697.626916660046
237875.0,11793,2017.0864071907065
105120.26,5149,2041.566517770441
198595.6,15151,1310.7755263678966
133232.19999999998,7120,1871.2387640449435
144435.1,10081,1432.7457593492709
147004.4,8413,1747.3481516700342
105878.08,5081,2083.803975595355
140522.09999999998,6863,2047.5316916800227
185072.75,12033,1538.0432975982715
94498.70000000001,5531,1708.528295064184
73666.09,4769,1544.686307401971
96388.34,6550,1471.577709923664
241106.08,13081,1843.177738704992
99173.07,6772,1464.4576196101596
113597.0,5820,1951.8384879725086
150400.9,12662,1187.8131416837782
79401.3,6000,1323.355
153352.4,11638,1317.6868877814056
70073.8,3975,1762.8628930817613
148505.9,8197,1811.710381847017
196632.17,11193,1756.7423389618511
136052.45,7466,1822.293731583177
88868.4,5956,1492.081934184016
120903.42,8398,1439.6692069540366
139486.49,7428,1877.8471997845986
69899.51,3846,1817.4599583983359
111706.35,6602,1692.007724931839
107056.85,5391,1985.8439992580227
164705.21,9386,1754.796611975282
232065.98,11863,1956.2166399730256
150085.34,7377,2034.5037278026298
105601.31,5291,1995.866754866755
124550.01,7033,1770.9371534195932
147415.61,8946,1647.838251732618
110810.5,7410,1495.4183535762484
123507.2,7276,1697.4601429356787
131926.3,5226,2524.4221201683886
131182.8,6319,2076.005697103972
162066.84,9777,1657.6336299478367
87886.0,7240,1213.8950276243095
140964.08,10311,1367.1232664145086
167110.7,13508,1237.1239265620375
102023.6,6666,1530.5070507050707
104493.41,5238,1994.9104620084004
111130.8,6965,1595.5606604450827
139013.79,10134,1371.756364712848
83328.79999999999,4936,1688.184764991896
63655.100000000006,2870,2217.947735191638
216117.3,14274,1514.0626313577134
167069.5,12486,1338.0546211757166
232478.86,10681,2176.5645538807225
88325.86,5353,1650.025406314216
115258.21,7582,1520.1557636507519
106293.0,7107,1495.6099620092866
182052.54,11152,1632.465387374462
90011.90000000001,4703,1913.9251541569213
60482.600000000006,3149,1920.6922832645287
174479.7,13908,1254.5276100086282
135994.58,6403,2123.9197251288456
141471.96,7294,1939.5662188099805
109350.91,6061,1804.172743771655
211074.8,11753,1795.9227431294134
124805.75,6062,2058.8213460903994
166525.2,12527,1329.330246667199
123952.37,5986,2070.704477113264
63848.28,4093,1559.9384314683607
86125.69,5140,1675.5970817120624
144898.73,9225,1570.717940379404
131647.3,11714,1123.8458255079393
114060.47,5748,1984.3505567153795
162634.53,10455,1555.5670014347202
137474.69999999998,8947,1536.5452106851458
52029.3,3714,1400.896607431341
101362.70000000001,6966,1455.1062302612693
107076.08,5322,2011.9518977827884
85265.1,5481,1555.648604269294
108959.1,8971,1214.5702820198417
110561.6,7325,1509.3733788395905
208680.6,11227,1858.7387547875658
111659.45,6308,1770.1244451490172
211153.69999999998,14912,1415.9985246781116
198487.09999999998,14465,1372.1887314206704
105052.8,8420,1247.6579572446558
55965.7,2749,2035.8566751546014
129703.65,6401,2026.3029214185285
248497.5,17456,1423.5649633363887
49437.799999999996,2842,1739.54257565095
117745.1,9021,1305.233344418579
141788.43,10591,1338.7633840052874
149945.1,9307,1611.1002471258194
134215.1,7689,1745.5468851606192
156782.90000000002,12034,1302.8328070467012
170232.7,9274,1835.5908992883333
163554.0,11458,1427.4218886367603
167312.68,10300,1624.3949514563105
145542.77,8930,1629.818253079507
172436.43,9010,1913.8338512763596
98505.7,6115,1610.886345053148
65772.29999999999,4147,1586.0212201591507
112685.40000000001,7109,1585.1090167393445
56124.899999999994,2934,1912.9141104294476
163825.0,12428,1318.1927904731251
94665.1,6312,1499.7639416983525
190887.58,12183,1566.8355905770336
138595.62,7694,1801.3467637119834
204065.58,10539,1936.2897808141188
214053.05,12512,1710.7820492327364
236926.8,14455,1639.0646835005189
125939.0,7346,1714.3887830111628
108348.79999999999,6866,1578.0483542091463
109110.71,6380,1710.1992163009406
146950.9,7518,1954.6541633413142
68014.5,4476,1519.5375335120643
126687.18,8986,1409.828399732918
116537.16,8677,1343.058199838654
150182.19999999998,12029,1248.5011222878043
119057.83,6155,1934.3270511779042
133532.19,6507,2052.1313969571233
76078.85,4223,1801.5356381719157
142923.8,8855,1614.0463015245623
141446.3,7860,1799.5712468193383
130846.4,9053,1445.3374571965094
170172.95,10907,1560.2177500687633
55400.7,3129,1770.5560882070947
117423.49,5974,1965.575661198527
186448.80000000002,11620,1604.5507745266782
105267.90000000001,8121,1296.2430735131143
179757.0,12414,1448.0183663605605
111388.5,6830,1630.8711566617862
86721.90000000001,5055,1715.5667655786353
122466.04,8960,1366.808482142857
181975.31,11611,1567.2664714494874
112729.84,5271,2138.6803263137926
172283.58,10974,1569.9250956806998
133387.67,9548,1397.0220988688732
88500.33,5090,1738.7098231827115
192460.96,9574,2010.2460831418423
107623.34,5085,2116.486529006883
141194.42,10162,1389.4353473725646
119279.34,5795,2058.3147540983605
79560.57,3717,2140.451170298628
134028.5,12448,1076.7071015424165
141984.4,9020,1574.1064301552105
136129.58,6512,2090.441953316953
81061.11,6205,1306.38372280419
184049.3,10551,1744.3777840962941
199761.94,11409,1750.9154176527304
117814.85,8122,1450.5645161290322
102050.59,4576,2230.1265297202794
117459.1,6872,1709.2418509895228
206821.19999999998,15390,1343.867446393762
170876.5,11199,1525.8192695776409
232804.59999999998,16662,1397.2188212699555
112322.70000000001,7217,1556.3627546071777
187724.59999999998,14098,1331.5690168818269
77430.5,5736,1349.9041143654115
173794.7,14285,1216.6237311865593
121501.08,7186,1690.802671861954
98437.2,4563,2157.2912557527943
137591.7,11371,1210.0228651833613
113252.8,6928,1634.7113163972288
159245.40000000002,11220,1419.299465240642
122806.86,8773,1399.8274250541433
90670.40000000001,6020,1506.1528239202657
111806.20000000001,9251,1208.5850178359096
114546.17,7080,1617.8837570621467
213231.16,11892,1793.0639085099226
146617.19999999998,9848,1488.8017871649063
103255.15,5735,1800.4385353095029
128806.6,10534,1222.7700778431747
100724.13,6485,1553.1862760215884
260323.98,14294,1821.211557296768
104869.34,5698,1840.4587574587574
100008.09999999999,5992,1669.027036048064
134409.84,7236,1857.5157545605307
215622.09999999998,9335,2309.8243170862343
90909.79999999999,6453,1408.799008213234
116157.0,5585,2079.8030438675023
161433.44,11085,1456.3233198015337
100864.0,6363,1585.1642307087852
185187.67,10444,1773.1488893144392
164196.63,6982,2351.713405900888
210499.85,9047,2326.736487233337
186525.66,11515,1619.8494138080764
190751.32,10163,1876.9194135589885
144281.82,7247,1990.917897060853
51407.700000000004,3032,1695.504617414248
94618.0,6166,1534.5118391177425
176181.4,12759,1380.8401912375577
107724.85,5444,1978.781227038942
171126.69999999998,10589,1616.0798942298609
136767.14,7790,1755.6757381258024
129978.92,7421,1751.5014149036517
65539.79999999999,4012,1633.594217347956
123475.20000000001,5142,2401.306884480747
109558.11,5856,1870.8693647540983
201696.23,12478,1616.4147299246674
78766.2,5625,1400.288
105827.78,6115,1730.6260016353228
117958.6,6575,1794.0471482889734
111473.75,6756,1649.9962995855537
128301.37,5595,2293.1433422698838
132815.1,7035,1887.9189765458425
147666.8,8731,1691.293093574619
126906.7,9909,1280.7215662529013
85526.18,4672,1830.6117294520548
213094.71,9866,2159.8896209203326
108106.82,5405,2000.1261794634597
183195.01,8932,2050.9965293327364
196627.5,11937,1647.210354360392
119939.59,6029,1989.3778404378836
100155.40000000001,6609,1515.4395521258891
130480.59999999999,7863,1659.4251557929542
119936.1,7523,1594.2589392529576
220070.58,12369,1779.210768857628
91914.91,6087,1510.0198784294398
197029.54,11314,1741.4666784514761
185971.73,9202,2020.9925016300804
110069.98,6874,1601.2508001163806
83440.0,4593,1816.6775527977356
131565.52,7214,1823.7527030773497
149226.8,11691,1276.42460011975
68209.2,3246,2101.3308687615527
81017.16,3707,2185.518208794173
82139.7,6486,1266.4153561517112
147595.40000000002,11086,1331.3674905285948
109788.38,6891,1593.214047308083
114712.09999999999,8132,1410.6259222823412
83008.2,6825,1216.2373626373626
107526.24,4904,2192.6231647634586
186787.36,11500,1624.237913043478
93359.5,6572,1420.5645161290322
121274.88,5805,2089.1452196382434
133946.2,8262,1621.2321471798596
116437.6,8103,1436.9690238183389
229266.45,12698,1805.53197353914
153725.1,8394,1831.3688348820588
82208.09999999999,3893,2111.690213203185
96000.3,7246,1324.8730333977367
106273.74,6286,1690.641743557111
183476.64,11462,1600.7384400628166
181493.29,10068,1802.6747119586812
115216.14,6285,1833.1923627684964
83647.54,5038,1660.3322747121872
132497.78,5745,2306.3147084421234
134018.08,8873,1510.4032458018708
97495.59999999999,7325,1330.9979522184299
178280.09,9239,1929.6470397229136
196499.0,13764,1427.630049404243
134158.23,5835,2299.1984575835477
213782.24,11847,1804.526377985988
115220.40000000001,8323,1384.3614081461012
75752.24,3689,2053.4627270262945
107242.29999999999,5311,2019.2487290529086
121818.74,8165,1491.9625229638702
184801.8,11549,1600.1541258983461
125604.15,6718,1869.6658231616552
124061.8,9797,1266.3243850158212
257958.80000000002,13676,1886.215267622112
141877.27,9193,1543.3185032089632
200736.04,12202,1645.1076872643828
92735.48,5282,1755.68875425975
113330.59999999999,5801,1953.6390277538353
118476.0,7489,1582.0002670583522
214461.63,12146,1765.697595916351
76554.4,5156,1484.7633824670286
154775.27,9543,1621.8722623912815
202346.7,11213,1804.5723713546777
231522.5,11176,2071.6043307086616
143805.5,11019,1305.0685180143387
150091.1,9684,1549.8874432052871
105363.6,7000,1505.1942857142858
128913.02,6080,2120.2799342105263
116211.20000000001,7850,1480.3974522292995
127573.70000000001,8785,1452.1764371087081
186051.8,11011,1689.6903096903095
81787.84,4810,1700.370893970894
208756.5,14589,1430.9171293440263
212712.0,15410,1380.3504218040234
81101.40000000001,5916,1370.8823529411766
125010.40000000001,9785,1277.571793561574
210572.2,12017,1752.2859282682866
141552.6,12196,1160.647753361758
100170.56,6355,1576.2479937057435
106479.62,6122,1739.294674942829
115818.5,7881,1469.5914224083238
125866.4,6440,1954.4472049689439
127666.8,10837,1178.0640398634307
116566.0,7343,1587.4438240501158
80987.6,4986,1624.3000401123147
190803.6,10052,1898.16553919618
122822.4,9257,1326.8056605811819
94524.4,4966,1903.4313330648408
121898.4,6008,2028.9347536617843
88693.4,5537,1601.8313165974353
82514.0,4307,1915.8114697004876
134178.5,8108,1654.8902318697583
224553.05,12291,1826.9713611585712
96742.25,5210,1856.8570057581574
115312.6,8742,1319.0642873484328
94349.51,5668,1664.599682427664
92414.5,6247,1479.3420842004161
136669.74,9344,1462.6470462328766
139525.40000000002,9796,1424.3099224173134
140256.5,9616,1458.5742512479203
201422.34,12171,1654.9366526990386
146024.9,8940,1633.3881431767338
95507.90000000001,4427,2157.395527445223
73407.70000000001,4277,1716.3362169745153
126238.95,6591,1915.323167956304
154828.5,10264,1508.4616134060796
98726.0,7117,1387.1856119151328
137943.93,9218,1496.4626817096982
141994.03,9732,1459.0426428277847
127238.33,7235,1758.65003455425
95521.38,6761,1412.8291672829464
116244.58,5415,2146.7143120960295
83549.02,4425,1888.1134463276837
190019.4,9526,1994.7449086710055
154724.4,8646,1789.5489243580848
137229.69999999998,8525,1609.732551319648
226199.58,13074,1730.148233134465
101725.59999999999,4085,2490.22276621787
123328.28,5957,2070.308544569414
114865.3,9492,1210.1274757690687
175409.32,10671,1643.7945834504735
128246.0,8462,1515.5518789884188
133719.2,11849,1128.5273018820155
211757.59999999998,14746,1436.0341787603418
127057.12,6247,2033.8901872898991
45262.1,2285,1980.835886214442
120793.36,6198,1948.9086802194258
208579.0,10565,1974.2451490771416
96911.29999999999,6040,1604.4917218543044
137681.0,7027,1959.3140742849012
133434.07,8841,1509.264449722882
264079.9,12969,2036.2394941784255
188149.86,8591,2190.081015015714
168962.42,11011,1534.4875124875125
126997.09999999999,8460,1501.1477541371157
270809.65,14079,1923.5006037360608
71831.3,4162,1725.8841902931283
145690.2,7480,1947.7299465240644
147270.89,9253,1591.601534637415
142796.72,9903,1441.9541553064728
137489.9,8992,1529.0246886120995
168009.05,10222,1643.6025239679122
216597.3,12336,1755.814688715953
101370.69,5129,1976.422109573016
212503.6,15062,1410.8591156552916
105574.79999999999,7676,1375.3882230328295
120555.85,6506,1852.9949277589917
146281.6,6404,2284.22236102436
110387.6,7337,1504.5331879514788
142241.8,9023,1576.4357752410506
171357.83,8860,1934.0612866817153
69323.7,3519,1969.9829497016196
154149.69999999998,9006,1711.6333555407505
98358.15,5015,1961.2791625124626
87547.5,5625,1556.4
121775.61,7090,1717.5685472496475
155568.2,10914,1425.400403151915
207935.80000000002,12765,1628.9526047786917
124721.03,6398,1949.375273522976
197379.99,11623,1698.184547879205
95108.98,4757,1999.347908345596
201413.69999999998,10747,1874.138829440774
113048.34,5448,2075.0429515418505
101624.7,6100,1665.97868852459
189277.86,9175,2062.9739509536785
136804.46,9926,1378.2436026596815
177207.03,10502,1687.364597219577
192157.59999999998,14637,1312.8209332513493
149154.5,7792,1914.2004620123203
76586.7,3767,2033.0953013007697
180753.30000000002,11794,1532.5869085975921
178310.33,9883,1804.2125872710712
208359.01,11082,1880.1571016062085
102112.54,6581,1551.626500531834
102740.9,7935,1294.7813484562066
104371.1,6709,1555.68788194962
126532.08,5268,2401.8997722095673
82168.09999999999,4449,1846.8891885817036
135354.26,8269,1636.8878945458946
145164.71,9944,1459.8221037811745
104283.25,4720,2209.3908898305085
79873.7,6425,1243.170428015564
143031.2,10420,1372.6602687140116
93336.29,5428,1719.5337140751658
92411.90000000001,6736,1371.9106294536818
205506.19999999998,11316,1816.067515022976
144931.24,8014,1808.4756675817316
99984.7,6601,1514.6901984547796
101674.3,7003,1451.8677709553049
191087.59,10993,1738.2660784135358
50276.8,2298,2187.850304612707
141392.3,10866,1301.23596539665
82352.04,4801,1715.3101437200582
96806.5,6617,1462.9968263563549
154625.30000000002,8168,1893.0619490695399
213684.59999999998,11070,1930.30352303523
156014.41,10398,1500.4271013656473
208206.69999999998,13891,1498.8604132171909
100582.77,4026,2498.3301043219076
94718.0,7071,1339.5276481402914
150599.3,11682,1289.156822461907
170042.14,9573,1776.2680455447614
185872.7,11411,1628.8905442117255
223465.73,12851,1738.8975955178587
80670.0,5591,1442.8545877302809
146319.0,8874,1648.8505747126435
92820.92,4462,2080.2536978933213
55950.299999999996,3195,1751.1830985915492
132806.06,5584,2378.3320200573066
223259.5,10639,2098.5007989472697
220333.16,12603,1748.2596207252243
101069.29,5300,1906.9677358490567
216285.88,12787,1691.4513177445845
96373.35,6221,1549.161710335959
74358.7,5122,1451.751269035533
220926.41,12739,1734.2523745976923
143431.63,7388,1941.413508391987
159874.44,11648,1372.5484203296703
160469.69999999998,8287,1936.4027995655847
171702.41,11001,1560.7891100809018
147223.3,8334,1766.538276937845
151716.7,8662,1751.5204340798891
179478.64,8895,2017.7474985947165
129790.3,6532,1986.9917330067362
113475.14,6638,1709.4778547755348
146116.7,9832,1486.1340520748577
113705.5,6118,1858.5403726708075
86711.5,4921,1762.070717333875
211734.82,10198,2076.238674249853
88664.59999999999,6314,1404.2540386442824
114454.3,8020,1427.1109725685785
163362.06,10085,1619.851859196827
182369.56,11024,1654.2957184325107
120002.90000000001,7058,1700.2394446018702
201616.6,13867,1453.9309151222326
61619.3,3712,1660.0026939655172
130559.29,6698,1949.2279785010448
130961.99,8894,1472.4757139644705
108534.59999999999,7233,1500.5474906677725
72882.70000000001,3401,2142.9785357247874
97142.6,6995,1388.7433881343818
120096.90000000001,7405,1621.8352464550983
86896.16,5399,1609.486201148361
122618.59,6665,1839.7387846961738
80911.2,5519,1466.0481971371623
217253.22,10706,2029.2660190547356
153602.80000000002,13713,1120.1254284255817
174753.82,7449,2346.003758893811
154105.33,10572,1457.6743284146803
78141.67,4492,1739.5741317898487
84147.6,6110,1377.2111292962356
135199.15,8866,1524.9170990300022
225136.6,12682,1775.245229459076
105609.78,7131,1480.9953723180479
203113.93,10631,1910.5816009782711
142768.95,9653,1479.011188231638
111451.6,7704,1446.6718587746627
183423.30000000002,8407,2181.7925538241943
121110.1,6909,1752.9324070053556
91155.8,6070,1501.7429983525537
163999.52,10356,1583.618385477018
95393.5,4157,2294.7678614385372
69490.48,3882,1790.0690365790829
121404.1,6888,1762.5450058072008
155622.61,7322,2125.4112264408627
142322.7,8578,1659.1594777337377
160237.5,12785,1253.324208056316
97052.34,4576,2120.899038461538
156327.47,7755,2015.8281108961962
96990.6,6261,1549.1231432678487
228810.68,12678,1804.785297365515
253338.77,11716,2162.331597814954
91832.90000000001,5545,1656.1388638412986
113011.49,5144,2196.9574261275275
123823.74,6834,1811.8779631255488
147771.35,10396,1421.4250673335898
221814.15,13542,1637.9718653079308
118474.62,5148,2301.3717948717945
120298.85,6735,1786.1744617668894
265518.53,14103,1882.7095653407077
158854.8,12483,1272.569093967796
66527.2,3535,1881.95756718529
94622.88,5868,1612.523517382413
182526.5,8002,2281.010997250687
73960.93,4371,1692.082589796385
116591.5,8040,1450.1430348258707
163775.7,9794,1672.2044108637942
200232.8,10253,1952.9191456159172
153484.3,7552,2032.3662605932202
151178.5,8078,1871.4842782867045
158393.9,8830,1793.815402038505
92755.1,5369,1727.604768113243
217978.66,11832,1842.28076402975
191650.2,10975,1746.2432801822324
139136.1,7681,1811.4321051946363
186051.6,9604,1937.2303206997085
181056.4,10965,1651.221158230734
109763.8,6349,1728.836037171208
169861.98,11085,1532.3588633288227
151474.69999999998,10074,1503.6202104427236
137164.11,8817,1555.677781558353
139589.67,10139,1376.759739619292
241489.89,12637,1910.974835799636
192200.40000000002,10112,1900.7159810126584
162952.62,7280,2238.3601648351646
131526.25,8868,1483.1557284618855
136982.37,7274,1883.1780313445147
137197.79,9550,1436.6260732984294
169964.45,10059,1689.6754150511981
100520.87,4759,2112.2267283042656
130399.18,5007,2604.3375274615537
95261.0,7321,1301.202021581751
178290.87,10169,1753.2782967843445
96348.4,6128,1572.2650130548302
162341.63,6350,2556.5611023622046
70742.1,3587,1972.18009478673
190609.93,9611,1983.2476329206115
242704.83,10198,2379.9257697587764
115623.3,7675,1506.4925081433225
105215.81,6103,1724.0014746845811
247299.75,14205,1740.934530095037
201834.4,11886,1698.085142184082
126818.79,6804,1863.8858024691356
232081.19999999998,9411,2466.0631176283073
84225.59999999999,5970,1410.8140703517586
128100.33,5958,2150.055891238671
150882.09999999998,12251,1231.5900742796505
90640.54,4832,1875.838990066225
113784.7,6608,1721.923426150121
157710.63,9776,1613.242941898527
194786.24,9608,2027.3338884263112
116352.46,5240,2220.4667938931298
236695.2,14057,1683.8244291100518
112376.99,6035,1862.087655343828
176789.62,11405,1550.1062691801842
208834.1,15560,1342.1214652956298
175381.72,11101,1579.8731645797677
140280.05,8963,1565.1015285060805
138166.3,9071,1523.165031418807
113661.7,5826,1950.9388946103672
182081.8,10270,1772.948393378773
124292.09999999999,6826,1820.8628772341046
89620.40000000001,7473,1199.255988224274
77231.09999999999,5387,1433.656951921292
56080.9,3096,1811.3985788113696
174135.06,7335,2374.0294478527608
120051.43,6108,1965.478552717747
108967.29,4754,2292.1180058897767
92897.4,4126,2251.5123606398447
158334.21,10632,1489.2231941309253
102815.46,5007,2053.4343918514082
152283.52,8468,1798.341048653755
159459.21,11249,1417.5412036625478
127036.25,6084,2088.0382971729127
160913.8,9556,1683.9033068229382
102238.13,5634,1814.6632942847002
98768.28,5405,1827.350231267345
157093.0,8337,1884.2869137579466
93243.9,5829,1599.655172413793
130677.9,6744,1937.69128113879
48195.4,3037,1586.9410602568325
108691.76,6590,1649.3438543247344
261184.5,12961,2015.1570094900085
85738.5,5833,1469.8868506771814
97411.7,5368,1814.673994038748
244240.5,16007,1525.8355719372776
147450.81,7068,2086.1744482173176
116841.56,7928,1473.7835519677094
186707.75,10543,1770.916721995637
62930.299999999996,4140,1520.0555555555554
160278.7,9778,1639.1767232562897
224445.58,11429,1963.8251815556916
135832.5,9460,1435.8615221987313
54840.0,3156,1737.6425855513307
68593.0,3574,1919.2221600447676
113045.38,5185,2180.2387656702026
156102.51,9393,1661.902587032897
62527.92,4231,1477.85204443394
79339.32,4298,1845.959050721266
89839.0,5038,1783.2274712187377
111671.8,7960,1402.9120603015076
137620.33,7224,1905.0433277962345
195520.56,10918,1790.8093057336507
177039.4,11132,1590.3647143370463
87917.5,4223,2081.8730760123135
211157.15,12708,1661.6080421781553
198479.79,11865,1672.8174462705435
184457.1,11348,1625.459111737751
75836.3,6187,1225.7362211087764
80420.24,3501,2297.064838617538
136058.2,8939,1522.0740575008392
143741.4,10232,1404.8221266614541
242513.1,15771,1537.715427049648
179110.29,11258,1590.9601172499556
162585.05,11100,1464.73018018018
117308.85,5817,2016.6554925219184
209791.6,15865,1322.3548692089505
153456.4,11745,1306.5679012345677
190888.30000000002,12246,1558.7808263922914
99299.33,5874,1690.4891045284305
225121.19999999998,12566,1791.5104249562307
76097.22,5399,1409.4687905167623
120392.18,5451,2208.6255732893046
185326.0,9691,1912.3516664946858
224809.66,12378,1816.2034254322184
197155.52,12139,1624.149600461323
121623.8,7161,1698.419215193409
103122.98,5519,1868.508425439391
155704.59999999998,12909,1206.1708885273838
117073.65,6496,1802.242149014778
269976.2,15202,1775.925536113669
149968.26,9581,1565.267299864315
127381.15,7025,1813.2548042704627
128230.65,6288,2039.2915076335878
143959.0,7643,1883.5404945701948
225587.47,10823,2084.334010902707
136295.0,9659,1411.0673982813958
76218.90000000001,4861,1567.967496399918
128531.5,8604,1493.8575081357508
189189.0,10483,1804.7219307450157
83733.68,5071,1651.2261881285742
88927.0,6182,1438.4826916855386
168839.44,9318,1811.9708091865207
116213.12,5884,1975.0700203942895
201802.8,14119,1429.299525462143
157735.73,8870,1778.305862457723
148241.21,7737,1916.0037482228252
171059.07,11704,1461.5436602870814
138609.54,6905,2007.3792903692975
119599.71,6156,1942.8153021442497
149798.1,10575,1416.5304964539007
179875.80000000002,13008,1382.809040590406
103201.05,5144,2006.2412519440127
106053.19,7095,1494.7595489781536
76486.3,4513,1694.7994682029691
142026.11,7118,1995.30921607193
180866.4,10457,1729.6203500047814
224607.48,13523,1660.9293795755382
96942.86,5495,1764.2012738853502
129599.40000000001,8353,1551.5311864000957
88775.3,6917,1283.4364608934509
185433.42,10954,1692.8375022822713
91802.45,4888,1878.1188625204582
133062.28,8228,1617.1886242100147
88288.9,5063,1743.806043847521
115817.0,7735,1497.310924369748
83287.04,4475,1861.162905027933
161751.63,7163,2258.1548233980175
123612.57,7016,1761.8667331813
92505.8,6180,1496.8576051779935
78228.74,3759,2081.105081138601
137682.80000000002,7382,1865.115144947169
116739.03,7971,1464.5468573579224
126035.9,9026,1396.3649457123865
101001.4,6357,1588.821771275759
169323.6,10069,1681.632734134472
183588.73,10761,1706.056407397082
133208.51,6027,2210.195951551352
160422.37,9843,1629.8117443868741
124280.31,5688,2184.956223628692
102817.09999999999,7115,1445.0751932536893
141099.73,6226,2266.2982653389017
88536.8,6222,1422.9636772741883
123181.04,5074,2427.6909735908553
112060.74,6220,1801.61961414791
207995.0,9541,2180.0125772979773
102177.08,5518,1851.7049655672345
120520.61,6488,1857.5926325524044
156682.90000000002,10025,1562.9216957605986
73752.70000000001,4490,1642.5991091314036
86078.70000000001,7036,1223.403922683343
156253.56,10529,1484.0303922499763
105748.70000000001,4909,2154.180077408841
112404.40000000001,7922,1418.8891694016663
204447.13,9396,2175.895381013197
115215.9,8488,1357.3975023562675
129740.75,6255,2074.192645883293
87557.0,4555,1922.2173435784853
173101.0,12917,1340.1021909112023
114032.6,8220,1387.2579075425792
219665.67,11397,1927.399052382206
239799.57,13013,1842.7693076154615
67791.09999999999,3047,2224.8473908762717
186364.42,9971,1869.064487012336
107146.85,6141,1744.7785376974434
154241.71,10433,1478.402281223042
133254.1,8486,1570.2816403488098
80657.5,5925,1361.308016877637
94330.40000000001,7210,1308.3273231622748
88813.27,5077,1749.3257829426827
151667.3,8107,1870.8190452695198
87882.90000000001,4865,1806.431654676259
165270.39,10310,1603.010572259942
125218.09999999999,7782,1609.0735029555383
149828.05,9723,1540.9652370667488
107672.04,4593,2344.263879817113
164472.05,11068,1486.014185037947
142380.53,8715,1633.7410212277682
99686.29,5248,1899.5100990853657
90590.69,5511,1643.8158228996554
164856.24,10527,1566.032487888287
71595.38,3414,2097.111306385472
156228.5,9292,1681.3226431338787
96197.6,5968,1611.8900804289544
159054.9,12402,1282.4939525882921
53659.2,3416,1570.8196721311474
217570.69,12003,1812.6359243522454
123252.09999999999,8225,1498.5057750759877
236980.34,10947,2164.7971133643923
94748.43,5063,1871.3890973730986
87067.35,4785,1819.5893416927902
115726.87,5843,1980.607051172343
96751.92,5802,1667.5615305067217
70003.57,4978,1406.2589393330657
124058.73,5350,2318.85476635514
207740.2,15477,1342.2510822510824
78441.5,4662,1682.5718575718574
62234.0,2769,2247.52618273745
168820.09999999998,10201,1654.936770904813
139440.04,9229,1510.8900205872792
51664.41,3399,1519.9885260370697
129414.59,5699,2270.829794700825
215307.1,11916,1806.8739509902653
228914.1,11151,2052.8571428571427
265244.19999999995,13175,2013.238709677419
147367.97,9083,1622.4592095122755
93045.1,5544,1678.3026695526696
186913.14,11254,1660.8596054736092
155694.58,10632,1464.3959744168546
93154.19,4382,2125.837288909174
181808.4,11142,1631.739364566505
166732.94,11524,1446.832176327664
168794.7,13028,1295.630181148296
50917.799999999996,3567,1427.4684608915054
75933.42,3757,2021.1184455682726
210542.76,10050,2094.9528358208954
104845.0,7509,1396.2578239445997
200872.59,10713,1875.0358443013163
145484.38,6521,2231.013341512038
80263.90000000001,4003,2005.0936797401948
92272.29999999999,5260,1754.2262357414447
221797.40000000002,10195,2175.550760176557
118427.94,5596,2116.296283059328
109620.04,7450,1471.409932885906
105387.29999999999,8025,1313.23738317757
81958.65,3759,2180.3312051077414
119436.0,10036,1190.075727381427
103420.66,6029,1715.3866312821365
111458.81,6201,1797.4328334139657
150144.82,6607,2272.5112759194794
245565.0,11242,2184.3533179149617
223210.7,13574,1644.3988507440697
161918.17,8433,1920.0541918652914
95376.6,6847,1392.9691835840515
72162.39,3729,1935.167337087691
99809.40000000001,4460,2237.878923766816
95176.73,5470,1739.9767824497258
87679.3,5866,1494.7033753835663
76116.82,4845,1571.0385964912282
114611.41,5726,2001.5964023751308
127715.0,7683,1662.306390732787
130983.23,8789,1490.3086813061782
213707.1,9455,2260.2548915917505
153907.66,9942,1548.0553208609938
139978.4,9251,1513.116419846503
243393.57,12178,1998.633355230744
149030.8,9839,1514.694582782803
146681.25,9349,1568.9512247299176
97358.09999999999,4542,2143.5072655217964
114466.4,7382,1550.615009482525
123745.9,6217,1990.4439440244491
145838.6,10251,1422.6768120183397
153625.8,8497,1808.000470754384
121752.12,6871,1771.9708921554356
167734.0,9614,1744.6848346161846
122581.20000000001,8501,1441.9621221032821
144730.12,8937,1619.4485845361978
118653.3,7559,1569.695726948009
142015.9,9384,1513.3834185848252
195659.28,11497,1701.8289988692704
201178.4,14575,1380.297770154374
116684.0,8616,1354.2711234911792
256349.90000000002,15138,1693.419870524508
195024.59999999998,11635,1676.1890846583583
138146.7,9107,1516.9287361370375
146597.33,9051,1619.6810297204727
174063.9,9580,1816.9509394572024
148036.0,9317,1588.8805409466568
79176.0,5784,1368.8796680497924
91301.43,4456,2048.9548922800714
127762.6,8291,1540.979375226149
202103.91,11691,1728.7136258660507
270203.6,15823,1707.6635277760222
124786.41,6593,1892.7106021537995
82875.7,6154,1346.6964575885604
130235.04,9535,1365.8630309386472
137163.79,6455,2124.923160340821
192823.14,11408,1690.2449158485276
134001.3,9313,1438.8628798453774
88907.71,4670,1903.8053533190582
221356.1,14083,1571.796492224668
58890.8,3187,1847.84436774396
134409.8,6872,1955.905122235157
110199.63,5359,2056.346893077067
92096.7,6176,1491.2030440414508
140491.4,8456,1661.4403973509934
69255.1,4966,1394.5851792186872
118463.27,6722,1762.3217792323715
185209.5,8558,2164.1680299135314
131047.42,6558,1998.283318084782
121149.48,5740,2110.6181184668985
106880.2,5766,1853.6281651057927
207387.3,11495,1804.152240104393
111400.0,8409,1324.771078606255
107939.34,5841,1847.9599383667178
213538.49,11274,1894.0792087990064
183851.8,14684,1252.0552982838462
113436.09,6691,1695.3533104169778
166480.6,11139,1494.5740192117785
292741.5,14078,2079.4253445091636
209152.06,9316,2245.0843709746673
160986.5,9887,1628.2643875796502
96927.76,7192,1347.7163515016684
198506.19999999998,16182,1226.7099246075884
112339.1,5621,1998.560754314179
131494.03,6849,1919.9011534530587
113975.9,6314,1805.1298701298701
226987.09999999998,11942,1900.7461061798695
209005.62,12450,1678.7600000000002
94787.31,5593,1694.7489719291973
240213.26,12955,1854.2127363952143
196281.59,9179,2138.3766205469005
133529.0,7492,1782.2877736252003
64172.399999999994,4153,1545.2058752708886
75415.7,6026,1251.5051443743776
115833.42,6056,1912.7050858652576
187459.59999999998,10092,1857.5069361870785
124358.4,8189,1518.603004029796
135816.47,8001,1697.493688288964
188925.16,9651,1957.5708216765104
103951.28,5659,1836.9195971019615
168402.09999999998,12492,1348.079570925392
66321.42,3535,1876.1363507779351
169533.6,10479,1617.841397079874
78538.97,4009,1959.0663507109007
101018.41,6009,1681.118488933267
187243.1,12108,1546.441195903535
161423.17,10808,1493.552646188009
80749.2,3960,2039.121212121212
151912.3,11631,1306.0983578368155
197062.90000000002,13601,1448.8853760752886
81708.59999999999,5643,1447.9638490164805
138717.48,8272,1676.9521276595747
214545.19,12673,1692.9313501144165
122183.0,7999,1527.4784348043506
142278.23,9755,1458.5159405433112
188193.56,10185,1847.7521845851743
104447.8,7672,1361.4155370177268
91940.67,4065,2261.7630996309963
143397.19,7258,1975.7121796638191
132795.5,9054,1466.7053236138725
122346.07,5492,2227.7143117261476
101813.13,5343,1905.542391914655
109981.4,6571,1673.739156901537
174818.56,9866,1771.9294546928847
163537.0,13548,1207.0932979037495
88120.23,4974,1771.6170084439082
123337.27,6773,1821.0138786357597
126443.26,6404,1974.4419113054341
99373.47,5686,1747.686774533943
125650.0,8566,1466.8456689236516
110483.4,8284,1333.696281989377
179428.47,11631,1542.6744905855041
213095.91,8789,2424.5751507566274
92967.4,7397,1256.8257401649316
85043.09999999999,5112,1663.5974178403753
72628.1,3629,2001.325434003858
92832.29999999999,6864,1352.4519230769229
75821.3,5561,1363.447221722712
100259.2,5762,1740.006942034016
166216.52,9175,1811.624196185286
86388.5,5845,1477.989734816082
159398.72,10016,1591.44089456869
190834.5,9584,1991.178005008347
112353.6,6417,1750.8742402992052
121354.89,8303,1461.5788269300253
136294.77,9649,1412.5274121670639
131494.4,9467,1388.9764444913912
150423.2,11494,1308.7106316338961
242254.0,11891,2037.2887057438397
219999.2,11797,1864.8741205391204
64907.0,3545,1830.9449929478137
151828.06,9771,1553.8640876061816
110179.5,5309,2075.334337916745
190145.09999999998,13549,1403.3884419514354
96530.09,6177,1562.734175165938
112706.90000000001,7098,1587.8684136376446
179883.5,8877,2026.3996845781232
93298.2,5054,1846.0269093787097
85908.92,5717,1502.692321147455
210103.08,11618,1808.4272680323636
189400.2,12914,1466.626916524702
136004.3,6486,2096.8902251002155
82734.40000000001,6435,1285.693861693862
149494.37,8492,1760.4141544983513
141990.30000000002,7987,1777.7676223863782
103441.8,6270,1649.7894736842106
73587.1,4424,1663.361211573237
121509.96,7312,1661.7882932166303
141877.63,6602,2149.0098455013635
88460.0,5934,1490.731378496798
102868.96,6476,1588.464484249537
165121.43,9215,1791.8766142159523
103147.63,5811,1775.0409568060577
123197.21,8351,1475.2390132918213
138562.32,8842,1567.0925130061073
131584.75,8101,1624.3025552400936
131831.9,8574,1537.5775600653137
239263.4,12136,1971.5177982860907
108232.93,5268,2054.5354973424446
117927.5,7611,1549.4350282485875
109299.40000000001,5356,2040.6908140403289
47768.7,2535,1884.3668639053253
146226.4,10175,1437.1144963144961
82820.5,5229,1583.8688085676038
110517.70000000001,7382,1497.124085613655
98628.21,5105,1931.9923604309502
112672.4,7202,1564.4598722577061
109504.9,8264,1325.0834946757018
141796.6,11095,1278.022532672375
228558.84,12725,1796.1401964636543
152260.8,8275,1840.009667673716
189235.94,11182,1692.3264174566266
102316.97,5853,1748.1115667179224
73941.02,5294,1396.694748772195
97419.1,5283,1844.010978610638
193618.5,11163,1734.4665412523516
161806.1,9559,1692.7094884402134
111736.15,6594,1694.5124355474672
103662.29999999999,6133,1690.2380564161097
129044.0,9358,1378.9698653558453
119999.42,6487,1849.844612301526
67141.0,2882,2329.6668979875085
147347.3,13538,1088.3978431082876
88952.5,5636,1578.291341376863
132153.2,7579,1743.6759466948147
134715.39,7258,1856.0952052907141
141046.59,7409,1903.7196652719665
72528.7,5302,1367.9498302527347
131196.2,8050,1629.7664596273294
198428.6,14936,1328.5257096946975
216583.0,8925,2426.7002801120448
79939.4,5691,1404.663503777895
103639.40000000001,4957,2090.768610046399
81562.8,4817,1693.2281503010174
164856.27,10586,1557.3046476478366
281607.47,11813,2383.877677135359
121231.02,8249,1469.6450478845923
95661.1,5571,1717.1261891940408
156776.6,10487,1494.961380757128
126077.66,6820,1848.6460410557186
164911.52,10979,1502.0632115857545
289071.3,17113,1689.191258107871
147892.72,9676,1528.4489458453907
74036.13,5489,1348.8090726908363
117792.4,6179,1906.334358310406
136986.7,8140,1682.8832923832927
108190.45,5569,1942.726701382654
150567.6,11958,1259.136979427998
207918.83,11866,1752.2234114276082
131258.88,8264,1588.321393998064
97899.79999999999,5503,1779.025985825913
190589.59999999998,10385,1835.2392874337986
116916.5,8023,1457.266608500561
61434.7,4461,1377.1508630351939
141934.7,9854,1440.3764968540695
200867.52,11772,1706.316004077472
117217.2,6088,1925.3810775295663
109329.78,3879,2818.5042536736273
196436.69999999998,11284,1740.8427862460119
130513.38,5937,2198.305204648813
174203.9,10342,1684.431444594856
175199.3,10498,1668.8826443132023
124079.59,5424,2287.6030604719763
147435.71,8949,1647.5104480947589
153669.23,8834,1739.5203758206928
134653.27,6779,1986.3293996164625
120346.41,7427,1620.3906018580856
84860.96,4382,1936.5805568233686
141436.13,5894,2399.662877502545
106136.12,5130,2068.9302144249514
61678.93,4040,1526.7061881188117
211153.55,11877,1777.8357329291907
154036.7,10215,1507.9461576113558
198923.2,15082,1318.9444370773108
101111.05,7371,1371.7412834079503
73309.1,4065,1803.4218942189423
97796.19,5513,1773.9196444766915
96928.48,4469,2168.9075855896176
203047.32,12678,1601.572172266919
121671.45,6724,1809.5099643069602
113185.02,7831,1445.3456774358322
89561.97,4723,1896.2940927376667
90342.01,4610,1959.6965292841649
96604.7,6661,1450.3032577691038
94169.1,6753,1394.4780097734342
166199.56,8321,1997.3507991827905
201089.59999999998,11277,1783.1834707812359
105079.2,7034,1493.8754620415127
98865.35,5869,1684.5348440960984
168300.5,11961,1407.0771674609146
209878.92,13027,1611.1070852844093
93773.17,5502,1704.3469647400943
121058.81,8567,1413.0828761526789
178165.7,9456,1884.1550338409477
165886.8,8911,1861.595780496016
68384.21,3594,1902.732609905398
133209.48,7580,1757.3810026385224
95270.7,6864,1387.9763986013986
196889.8,12789,1539.5245914457735
214347.58,10004,2142.618752499
88363.65,2958,2987.2768762677483
179643.1,13271,1353.6515710948686
122664.7,7038,1742.8914464336458
223362.04,11384,1962.0699226985246
97005.40000000001,4393,2208.1811973594354
105412.11,5772,1826.2666320166322
97796.92,4897,1997.0782111496835
49247.1,2962,1662.6299797434165
170884.5,9475,1803.5303430079157
97996.0,6419,1526.6552422495715
75927.73,4744,1600.50021079258
114061.41,8215,1388.4529519172247
119287.85,6572,1815.0920572124164
175300.72,10871,1612.553766902769
58146.7,3120,1863.6762820512822
150107.90000000002,10337,1452.1418206442877
155239.83,9739,1594.0017455590923
98333.78,7100,1384.9828169014086
84272.02,6102,1381.0557194362505
194357.90000000002,13749,1413.6148083496985
86246.58,5049,1708.1913250148546
97228.2,4806,2023.0586766541824
107930.83,5927,1821.0026995107135
102551.54,7177,1428.8914588268078
97254.40000000001,5525,1760.2606334841632
132545.5,6975,1900.2939068100357
141109.4,9070,1555.7816979051818
98391.31,7053,1395.0277895930808
117102.29999999999,9069,1291.2371816076745
139034.4,7440,1868.741935483871
74277.5,2718,2732.7998528329654
88017.90000000001,5756,1529.1504517025714
164356.92,9250,1776.8315675675676
95659.56,5994,1595.921921921922
53120.5,3382,1570.6830277942047
115799.5,9310,1243.8184747583243
177385.2,13849,1280.8520470792116
96008.71,7004,1370.7697030268419
110786.37,4998,2216.614045618247
132122.35,9788,1349.840110339191
124087.70000000001,7652,1621.637480397282
120340.2,8052,1494.5380029806258
99472.0,6337,1569.7017516174847
57715.74,2705,2133.6687615526803
186538.84,11883,1569.7958428006395
208024.59,12296,1691.8070104098895
115828.23,6799,1703.60685394911
94163.25,6631,1420.0459960790229
108625.59999999999,7723,1406.5207820795029
165799.39,10012,1656.0066919696364
86246.6,6180,1395.5760517799354
155799.6,8190,1902.3150183150183
138147.19,7844,1761.1829423763386
82713.4,4211,1964.222274994063
236632.7,12320,1920.7199675324678
120961.6,8344,1449.6836049856186
56659.6,2886,1963.2571032571032
72428.8,5325,1360.1652582159625
215976.29,11583,1864.597168263835
88446.6,6031,1466.5329132813797
114823.09999999999,5307,2163.615978895798
97772.71,5933,1647.9472442272038
118802.68,5251,2262.477242430013
82433.5,6832,1206.5793325526934
94510.9,6255,1510.9656274980016
108343.70000000001,7310,1482.1299589603286
195484.4,11871,1646.739112121978
175616.6,9601,1829.1490469742737
211903.30000000002,16531,1281.8540923114151
84812.6,4859,1745.4743774439187
114205.40000000001,9015,1266.8374930671105
124515.40000000001,7143,1743.1807363852722
87842.84,4220,2081.583886255924
125605.5,8688,1445.735497237569
124181.20000000001,6569,1890.4125437661746
243447.36,13323,1827.2713352848455
178261.51,10172,1752.4725717656313
93175.96,3553,2622.4587672389534
182020.38,9967,1826.2303601886224
123951.5,6627,1870.401388260148
85039.2,4860,1749.7777777777778
172712.7,9070,1904.2194046306506
71260.77,4470,1594.2006711409397
130953.51,6964,1880.4352383687537
110759.63,5637,1964.8683697001952
131059.5,7245,1808.9648033126296
93254.44,5916,1576.3089925625422
206748.0,11197,1846.458872912387
80794.2,5874,1375.4545454545455
96514.5,6679,1445.0441682886658
157702.09999999998,9580,1646.1597077244257
183222.67,9661,1896.5186833661114
141938.36,9796,1448.9420171498568
75818.01,4753,1595.161161371765
169263.52,9266,1826.7161666306927
103741.57,7274,1426.1970030244709
137484.96,7497,1833.8663465386155
136395.6,7923,1721.5145778114352
139450.04,6120,2278.5954248366015
191203.9,13334,1433.957552122394
102117.90000000001,5082,2009.4037780401418
209075.06,11570,1807.0445980985305
70777.1,4196,1686.7755004766443
155491.96,9648,1611.6496683250414
93928.09999999999,5899,1592.2715714527885
112030.04,5756,1946.3175816539263
89759.1,5847,1535.1308363263213
74468.4,5371,1386.490411469
105745.7,7605,1390.4760026298488
157937.02,9041,1746.8976883088153
118014.48,4674,2524.913992297818
115185.0,6953,1656.6230404142098
193426.1,14524,1331.7687964748004
236621.51,13182,1795.0349719314218
95004.79999999999,7546,1259.008746355685
116072.90000000001,5337,2174.8716507401164
133909.59999999998,8240,1625.1165048543687
86945.47,5576,1559.2803084648494
119397.09999999999,8268,1444.086840832124
146381.7,8820,1659.6564625850342
102360.40000000001,8402,1218.2861223518212
121375.5,6868,1767.2612114152591
113272.23,6353,1782.9722965528094
144332.19999999998,7887,1830.0012679092174
107820.59999999999,7945,1357.0874764002517
66478.68,4223,1574.205067487568
175672.34,11671,1505.203838574244
89698.11,6163,1455.4293363621612
105133.41,7361,1428.2490150794729
189546.93,10129,1871.329153914503
142553.16,8267,1724.363856296117
159164.2,8320,1913.0312500000002
144370.89,7753,1862.1293692764095
166090.09999999998,8530,1947.128956623681
109696.76,6557,1672.971785877688
111505.64,5650,1973.5511504424778
89342.99,4667,1914.3559031497753
93992.25,6006,1564.9725274725276
129758.09999999999,6631,1956.8405971949933
159917.69,8753,1827.0043413686735
86160.40000000001,7196,1197.3374096720402
85971.65,4365,1969.5681557846506
190918.23,10450,1826.9687081339714
81542.70000000001,5573,1463.174232908667
98250.86,5269,1864.6965268551905
87904.43,4616,1904.3420710571922
160471.95,10854,1478.4590934217802
99893.5,5221,1913.3020494158206
121500.7,7748,1568.1556530717603
142241.58,9929,1432.587168899184
180848.01,10510,1720.7232159847767
86934.7,6870,1265.425036390102
187723.23,8376,2241.2037965616046
121827.90000000001,6919,1760.7732331261743
59853.4,3758,1592.6929217668974
192233.36,10077,1907.6447355363698
88435.18,6600,1339.9269696969695
194429.54,10138,1917.8293549023476
132007.59,6166,2140.895069737269
217180.72,13293,1633.79763785451
203806.4,13372,1524.1280287167215
141775.12,9952,1424.5892282958198
131476.7,10062,1306.6656728284636
160562.2,7991,2009.2879489425607
134027.27,6465,2073.120959010054
181582.40000000002,10894,1666.811088672664
100310.0,5305,1890.8576814326107
148533.7,9294,1598.1676350333548
88447.2,5494,1609.8871496177646
110123.4,6814,1616.1344291165246
189901.36,12043,1576.8609150543882
140061.4,8391,1669.186032654034
109568.75,5890,1860.2504244482172
101195.01,6663,1518.7604682575416
100953.09999999999,5299,1905.134931119079
103979.79999999999,5027,2068.4264969166497
73257.06,3436,2132.044819557625
138405.58,8845,1564.7889202939512
111225.8,5927,1876.595242112367
91219.72,4827,1889.7808162419722
223464.19999999998,10295,2170.609033511413
71008.72,3406,2084.8126834997065
119181.8,6566,1815.1355467560159
225127.83,12048,1868.5908864541834
75343.1,5381,1400.1691135476678
229832.28,12605,1823.3421658072193
187763.1,11213,1674.5126192811917
228592.90000000002,12433,1838.5980857395643
125947.33,6456,1950.857032218092
183564.75,11859,1547.8940045535037
116665.33,6239,1869.9363680076935
176485.18,8454,2087.5938017506505
109430.22,5871,1863.9110884006134
155445.92,10630,1462.3322671683916
210539.67,9773,2154.2992939731917
101447.37,4662,2176.0482625482623
169859.3,10125,1677.6227160493825
178355.18,10875,1640.0476321839078
93448.0,4213,2218.0868739615476
196413.11,9636,2038.3261726857615
83297.62,4667,1784.8215127490892
98876.90000000001,8147,1213.660243034246
177317.05,10835,1636.5209967697276
77368.8,6079,1272.7224872511927
105804.3,6410,1650.613104524181
86938.83,4588,1894.917829119442
67922.2,5228,1299.2004590665647
129593.2,8187,1582.9143764504702
143988.14,7241,1988.511807761359
63603.100000000006,3538,1797.713397399661
113855.77,6875,1656.0839272727276
111068.75,6899,1609.9253515002174
167153.43,10705,1561.451938346567
125180.6,7246,1727.5821142699422
190807.59999999998,13270,1437.8869630746042
164390.2,8340,1971.1055155875301
232478.86,10681,2176.5645538807225
169316.42,9071,1866.5684048065264
115183.62,5914,1947.643219479202
112240.07,6708,1673.2270423375078
104293.4,7619,1368.8594303714399
110457.16,4175,2645.6804790419164
203226.17,12040,1687.9250000000002
133037.5,10037,1325.4707581946795
161276.96,7018,2298.0473069250497
136118.69,9274,1467.7452016389907
139174.48,6893,2019.0697809371827
170797.2,10584,1613.730158730159
153386.8,10712,1431.9156086631815
194152.27,9155,2120.7238667394863
61484.700000000004,2723,2257.976496511201
118174.2,8510,1388.6509988249118
240613.64,12808,1878.619925046846
210286.45,12762,1647.75466227864
117500.85,6574,1787.3570124733799
119851.96,6279,1908.7746456442108
195969.08,11936,1641.8321045576406
144763.89,9912,1460.4912227602908
252885.09999999998,12462,2029.2497191462044
201120.40000000002,12296,1635.6571242680548
139446.47,7899,1765.368654260033
88153.70000000001,5873,1500.9994891878089
122826.90000000001,9297,1321.1455308163925
183654.4,10319,1779.7693574958814
165721.11,9637,1719.6338072014112
100513.79,5678,1770.232300105671
100509.3,4051,2481.0984941989636
184532.90000000002,13362,1381.0275407873075
212210.55,10814,1962.3686887368226
132148.5,10178,1298.3739438003538
190124.71,11248,1690.2979196301565
131737.56,6966,1891.1507321274762
98555.8,5366,1836.671636228103
150383.19,7998,1880.2599399849964
128414.9,6431,1996.810760379412
140298.11,6252,2244.05166346769
118694.68,6272,1892.4534438775509
86425.08,4440,1946.5108108108109
169409.3,12405,1365.6533655783956
123664.2,7290,1696.3539094650205
139167.79,8514,1634.5758750293633
164704.04,6851,2404.0875784556997
102627.85,4920,2085.9319105691056
122274.17,5501,2222.762588620251
73733.68,5527,1334.063325493034
139266.3,9491,1467.3511747971763
102331.7,5629,1817.9374666903534
167768.69,10187,1646.8900559536664
125309.1,7804,1605.7034853921068
124951.69,7097,1760.6268845991262
137789.2,6679,2063.021410390777
202329.38,10608,1907.328242835596
171470.84,7830,2189.9213282247765
159771.8,9069,1761.735582754438
84644.92,6266,1350.8605170762846
95867.78,5356,1789.9137415982075
100192.8,5871,1706.5712825753708
132239.9,7413,1783.8918116821799
101078.67,4016,2516.899153386454
87103.49,5287,1647.503120862493
206292.3,10618,1942.8545865511396
162108.81,9213,1759.5659394334093
160955.41,9612,1674.52569704536
200940.9,12927,1554.4279415177534
114194.9,7280,1568.6112637362637
104002.2,6651,1563.7077131258457
109917.5,6712,1637.6266388557806
69156.72,4655,1485.6438238453275
52452.299999999996,3732,1405.474276527331
78586.05,5153,1525.054337279255
198183.9,9236,2145.7763100909483
58800.7,2314,2541.084701815039
190947.7,9257,2062.7384681862377
98331.20000000001,6606,1488.513472600666
66484.13,4429,1501.1092797471215
144974.67,9309,1557.3602964872705
205896.4,12983,1585.8923207271046
111876.24,5486,2039.3044112285818
102994.66,5745,1792.7704090513491
182362.06,10913,1671.0534225235956
147110.8,12724,1156.1678717384468
94130.7,6655,1414.435762584523
121073.79999999999,7485,1617.5524382097528
214590.0,9893,2169.109471343374
205721.4,15573,1321.0132922365633
111179.59999999999,7065,1573.66737438075
86142.29,5462,1577.1199194434273
191379.22,11466,1669.1018663875805
137280.8,7954,1725.934121196882
122303.2,6930,1764.8369408369408
193160.43,10232,1887.8071735731041
190221.5,10608,1793.1891025641025
238040.9,12167,1956.4469466589956
190587.6,11626,1639.3222088422501
94263.5,4795,1965.8706986444213
209424.8,9986,2097.184057680753
154510.0,9480,1629.8523206751056
116731.7,7723,1511.4812896542794
156439.1,8230,1900.8396111786149
157224.69999999998,8274,1900.2260091853998
132256.8,8014,1650.3219366109306
100149.64,6199,1615.577351185675
124487.29999999999,8274,1504.560067681895
97273.03,7116,1366.9621978639684
96776.65,4791,2019.9676476727195
215036.8,15545,1383.318108716629
138549.3,11312,1224.7993281471004
150732.76,10919,1380.4630460664898
146051.06,7683,1900.963946375114
103982.19,4877,2132.0932950584374
114666.03,7069,1622.0969019663319
147537.95,7345,2008.6855003403678
89177.1,6093,1463.5992122107336
105681.39,5450,1939.1080733944952
175693.43,7048,2492.812570942111
199672.59,10908,1830.515126512651
92435.1,7057,1309.8356242029192
196818.4,14948,1316.6871822317366
128423.36,6593,1947.8744122554226
51492.299999999996,2367,2175.424588086185
183070.71,11285,1622.248205582632
158497.90000000002,10612,1493.572370900867
162473.7,8823,1841.4790887453246
134381.39,6368,2110.260521356784
87600.63,4999,1752.363072614523
121350.0,8324,1457.8327727054302
159251.2,7219,2206.0008311400475
111409.5,5430,2051.740331491713
197366.1,11754,1679.139867279224
191784.84,10301,1861.8079798077858
121385.28,5620,2159.8804270462633
100605.71,5687,1769.04712502198
55085.8,2646,2081.851851851852
186320.3,12536,1486.2819081046584
74504.07,4728,1575.8052030456854
138777.0,9732,1425.9864364981504
102597.37,4854,2113.6664606510094
180922.29,7230,2502.3829875518672
135106.89,9311,1451.0459671356462
109867.97,4986,2203.529281989571
76467.92,3510,2178.573219373219
69937.8,3945,1772.8212927756654
189150.23,10331,1830.8995256993517
142054.59,8702,1632.4361066421513
67662.76,3971,1703.9224376731302
122394.69,7119,1719.26801517067
234278.33,13175,1778.2036432637572
89586.87,4244,2110.9064561734212
120842.0,7792,1550.847022587269
227057.17,12525,1812.8316966067864
133772.3,9939,1345.9331924740918
128339.2,9480,1353.7890295358648
92674.79999999999,6528,1419.6507352941176
128681.20000000001,9977,1289.778490528215
162596.08,9978,1629.5458007616755
82770.1,4536,1824.7376543209878
119024.64,6344,1876.1765447667087
146986.0,8278,1775.6221309495047
83298.3,4559,1827.1177889888133
56349.0,2640,2134.431818181818
83548.5,6335,1318.8397790055249
207320.9,11709,1770.611495430865
100628.6,6644,1514.578567128236
106651.6,6550,1628.2687022900764
139359.45,9176,1518.7385571054926
120695.40000000001,8675,1391.3014409221903
179082.99,10406,1720.9589659811645
53133.3,2837,1872.8692280578077
140839.13,8053,1748.9026449770272
121792.09999999999,8724,1396.0580009170105
155123.0,10795,1436.9893469198703
91634.5,5206,1760.1709565885517
207688.69999999998,11800,1760.073728813559
171604.59999999998,10453,1641.6779871807132
120110.31,5570,2156.378994614003
118619.59999999999,7497,1582.2275576897425
112459.26,5836,1926.992117888965
138351.16,6269,2206.9095549529434
133986.1,7352,1822.4442328618063
90266.25,6878,1312.3909566734517
98981.85,4950,1999.6333333333337
209781.58,11519,1821.1787481552217
229814.31,13111,1752.8358630157882
138710.1,8517,1628.6262768580486
130165.79,7038,1849.4712986643933
196537.7,11564,1699.5650294015913
46485.4,2703,1719.7706252312248
129796.5,6524,1989.5232985898222
192264.7,13202,1456.3301014997728
147400.45,10389,1418.8126864953317
54947.600000000006,3101,1771.9316349564658
136255.30000000002,8887,1533.1979295600315
88379.4,5796,1524.8343685300206
187761.5,10304,1822.2195263975157
184765.73,11877,1555.6599309589965
110020.5,7303,1506.5110228673148
243447.3,11054,2202.3457571919666
122414.79999999999,7370,1660.9877883310717
184593.86,9808,1882.0744290375203
85292.0,3118,2735.471456061578
182639.0,12167,1501.1013396893236
116528.9,6191,1882.2306574059116
96880.40000000001,7544,1284.204665959703
186976.39,8062,2319.2308360208385
152958.57,6719,2276.5079624944187
117325.35,6296,1863.4903113087673
113446.29999999999,6815,1664.6559060895083
135860.29,7915,1716.491345546431
136122.58,10045,1355.127725236436
200391.19999999998,10760,1862.3717472118958
110492.44,5797,1906.0279454890463
184368.2,10431,1767.5026363723518
186759.3,11956,1562.0550351288055
86510.23,4958,1744.8614360629285
250979.90000000002,12353,2031.7323727029873
218143.15,10161,2146.8669422300954
110838.53,6239,1776.5431960250041
127530.39,7160,1781.1506983240224
212534.3,8329,2551.738504022091
78792.4,6577,1197.9990877299679
98249.41,5764,1704.5352185981958
83635.71,4956,1687.564769975787
110134.5,7226,1524.1419872681981
41887.700000000004,2870,1459.5017421602788
114295.8,8691,1315.1052813255092
111097.75,5161,2152.639992249564
179704.1,9419,1907.8893725448563
164829.3,8936,1844.5534914950758
109971.5,8173,1345.5463110241037
87360.46,3884,2249.2394438722968
91776.29999999999,4991,1838.8359046283308
101559.07,5299,1916.5704849971694
127992.90000000001,10977,1166.0098387537578
120223.62,6822,1762.292875989446
116935.3,9849,1187.2809422276373
170980.5,10973,1558.1928369634556
121713.85,7361,1653.4961282434451
91165.59999999999,5174,1761.9945883262465
105193.4,5929,1774.2182492831842
61379.5,3751,1636.3503065849106
92630.09,5406,1713.468183499815
130984.4,8704,1504.875919117647
112249.83,6024,1863.3769920318728
221903.02,10563,2100.7575499384643
95012.90000000001,7248,1310.8843818984549
81653.7,5655,1443.920424403183
142001.9,5709,2487.3340339814326
140944.59,10434,1350.8202990224265
184137.13,7962,2312.6994473750315
133638.1,6450,2071.908527131783
99510.40000000001,5643,1763.4307992202732
126292.86,6989,1807.0233223637142
118566.5,6085,1948.5045193097783
88354.0,6591,1340.5249582764375
134948.5,8853,1524.3250875409465
112065.82,6202,1806.9303450499842
197398.0,12559,1571.765267935345
98900.98,5681,1740.9079387431789
104689.6,4729,2213.778811588074
148935.31,9601,1551.2478908447038
102853.44,7510,1369.5531291611185
219598.61,13097,1676.7092463923036
112819.7,5653,1995.749159738192
177679.4,14030,1266.4248039914469
73135.8,4946,1478.685806712495
108710.64,6636,1638.1952983725134
194237.3,10987,1767.882952580322
138031.89,7640,1806.7001308900526
212900.66,9612,2214.946525176862
78919.83,3861,2044.025641025641
113052.09999999999,7724,1463.6470740548937
249546.9,12537,1990.4833692270877
178862.67,11067,1616.1802656546492
147976.6,13664,1082.9669203747073
209285.12,9547,2192.155860479732
205107.12,10433,1965.9457490654652
119572.88,5542,2157.576326236016
83932.09999999999,4010,2093.069825436409
93448.0,4213,2218.0868739615476
89500.59999999999,5821,1537.546813262326
98719.79999999999,4845,2037.5603715170275
104880.67,7277,1441.262470798406
116607.93,7315,1594.0933697881067
202687.52,11481,1765.4169497430537
175171.33,10956,1598.862084702446
84162.90000000001,5209,1615.720867728931
142191.7,9051,1571.0054137664347
201126.9,11542,1742.5654132732627
144459.9,9000,1605.11
134225.25,8097,1657.7158206743238
106841.99,6468,1651.855132962276
146518.6,10148,1443.817500985416
186826.19999999998,7120,2623.963483146067
137638.09,6664,2065.3975090036015
89915.1,5283,1701.9704713231122
206857.43,10721,1929.4602182632218
99588.87,7057,1411.2068867790847
192294.56,12401,1550.6375292315136
145505.27,9942,1463.5412391872862
147251.4,10549,1395.8801782159446
270438.2,12488,2165.5845611787317
145467.54,5817,2500.7313047962866
150462.69,8020,1876.0933915211972
256431.9,12313,2082.6110614797367
89568.2,6075,1474.3736625514402
151989.8,7834,1940.1302016849627
149075.5,12955,1150.7178695484367
77647.8,5322,1458.9966178128525
194918.69999999998,13912,1401.0832374928118
96761.20000000001,6864,1409.6911421911423
114797.89,5348,2146.5574046372476
103157.91,6636,1554.5194394213381
101691.78,5832,1743.6862139917696
150336.6,8320,1806.9302884615386
102780.73,4753,2162.4390911003575
150776.38,7163,2104.933407790032
88595.8,6272,1412.560586734694
174134.0,9822,1772.8975768682549
129240.1,7820,1652.6867007672636
52336.6,2877,1819.1379909628083
77772.75,4752,1636.6319444444443
223837.8,14477,1546.1614975478344
140239.3,8672,1617.150599630996
122947.6,9627,1277.1122883556664
101269.3,5678,1783.5382176822825
119570.5,7549,1583.9250231818785
84525.8,4649,1818.150139815014
114096.7,7091,1609.0353969820899
122279.9,9077,1347.1400242370826
147084.59999999998,9364,1570.7454079453223
79860.7,4192,1905.0739503816792
210499.90000000002,13803,1525.030065927697
148222.94,9496,1560.8986941870262
222150.80000000002,15472,1435.8247156153052
145940.6,10489,1391.368099914196
106121.25,5511,1925.626020685901
233758.9,17599,1328.2510369907382
165277.52,10584,1561.5789871504155
147027.80000000002,9921,1481.9856869267212
183130.44,11138,1644.1950080804454
164218.80000000002,10066,1631.4206238823765
166998.49,10103,1652.959417994655
203903.4,10548,1933.1001137656426
131237.80000000002,8734,1502.6081978474926
87245.20000000001,5796,1505.265700483092
181492.36,10319,1758.817327260393
168249.24,7911,2126.7758816837313
146236.78,10524,1389.5551121246674
97496.2,6297,1548.2960139749086
237931.6,11429,2081.8234316213143
99321.1,6601,1504.6371761854266
93895.40000000001,6108,1537.2527832351016
128504.7,7441,1726.9815884961697
130347.90000000001,7867,1656.8946231091904
195175.7,14274,1367.3511279248985
127683.79999999999,7570,1686.7080581241742
72234.4,4301,1679.4791908858404
141677.83,9878,1434.2764729702367
98542.79,4965,1984.7490433031219
169111.16,6293,2687.290004767202
108674.25,5603,1939.5725504194181
176979.34,8208,2156.1810428849903
176133.30000000002,14189,1241.336951159349
91342.5,7039,1297.6630203153857
120307.29999999999,6257,1922.76330509829
181965.56,11134,1634.3233339321
94809.88,4885,1940.8368474923236
154552.66,9890,1562.7164812942367
123464.8,8999,1371.983553728192
90390.25,6610,1367.4773071104387
124078.18,8481,1463.0135597217309
79539.9,5611,1417.5708429869899
200170.0,11127,1798.957490788173
210005.0,11789,1781.363983374332
171580.4,11097,1546.1872578174282
93187.6,5385,1730.5032497678737
242872.40000000002,11198,2168.8908733702447
184835.07,10955,1687.2210862619809
126816.0,8407,1508.457238015939
114511.03,7179,1595.0832985095417
149842.57,9956,1505.0479108075533
200059.58,11310,1768.873386383731
131758.5,8321,1583.4454993390218
139153.8,9714,1432.507720815318
191716.69999999998,10706,1790.7407061460863
71971.2,4123,1745.6027164685906
180632.51,9781,1846.769348737348
72951.40000000001,3638,2005.2611324903796
123479.65,6342,1947.0143487858718
193773.49,9583,2022.0545758113324
167253.0,12841,1302.4920177556264
187057.0,14104,1326.2691435053885
113274.56,5560,2037.3122302158272
185440.76,11352,1633.5514446793518
108746.35,5552,1958.6878602305476
222647.7,16613,1340.2016493107808
122142.2,8160,1496.8406862745098
97952.21,6580,1488.6354103343467
189028.0,13394,1411.2886367030012
156445.38,7994,1957.0350262697023
94522.66,5947,1589.4175214393813
187649.65,9324,2012.5445087945088
152841.0,10337,1478.581793557125
187362.5,15486,1209.883120237634
108943.73,4868,2237.956655710764
103522.70000000001,6761,1531.1743824877979
86953.34,5778,1504.9037729318104
87670.1,6796,1290.025014714538
76535.28,4913,1557.811520455933
126295.59999999999,5146,2454.2479595802565
93659.5,6226,1504.3286219081272
161311.46,10471,1540.5544838124342
153306.2,9390,1632.6538871139512
128827.21,9633,1337.3529533893907
126880.44,6373,1990.9060097285424
110884.0,7850,1412.5350318471337
148522.4,7810,1901.6952624839948
113381.05,6533,1735.5127812643502
107725.9,7265,1482.8066070199586
90208.1,4508,2001.0669920141972
113313.9,8257,1372.3374106818455
135198.1,9018,1499.202705699712
111723.58,7138,1565.1944522275148
114416.0,7173,1595.0927087689947
178731.4,9741,1834.836259110974
164930.68,8563,1926.0852504963214
92203.6,7096,1299.3742953776775
108281.94,6191,1749.0218058471974
73804.9,5067,1456.579830274324
146648.1,9536,1537.8366191275168
104196.57,5049,2063.707070707071
140328.0,7143,1964.552708945821
192940.5,11287,1709.404624789581
117521.25,5927,1982.8117091277206
81789.6,5174,1580.780827212988
147626.25,8268,1785.5134252539913
134303.75,6585,2039.540622627183
132142.84,9440,1399.8182203389829
70570.4,4518,1561.983178397521
167310.7,10635,1573.2082745651153
57630.9,2848,2023.556882022472
200843.03,9088,2209.9805237676055
79301.8,3500,2265.7657142857142
118639.8,6031,1967.1663074117064
131896.6,9278,1421.6059495580944
205769.74,11934,1724.2311044075748
119453.6,6345,1882.641449960599
217041.69,12245,1772.4923642302979
91891.82,4380,2097.9867579908678
222050.5,15967,1390.6839105655415
165319.5,10359,1595.902114103678
93495.27,6454,1448.6406879454603
76374.95,5099,1497.8417336732691
108211.79,5817,1860.2680075640365
129363.17,8597,1504.7478190066302
89919.3,6766,1328.9875849837422
191680.80000000002,14393,1331.7640519697075
114466.1,6850,1671.0379562043797
124295.51,7126,1744.2535784451304
129573.48,6830,1897.1226939970716
104429.79,5042,2071.197738992463
204788.84,9502,2155.218269837929
93305.20000000001,7239,1288.923884514436
87338.97,2999,2912.2697565855287
102283.3,6430,1590.7200622083983
107182.2,6412,1671.5876481597004
201277.40000000002,14235,1413.9613628380753
234299.76,11536,2031.0312066574202
116296.5,7254,1603.2051282051282
57291.1,2488,2302.6969453376205
197922.3,11401,1736.0082448907988
71629.79999999999,4357,1644.0165251319713
155518.24,9504,1636.3451178451178
76227.38,5008,1522.1122204472845
218187.87,10631,2052.3739064998585
264633.4,12033,2199.230449596942
161411.03,9974,1618.3179266091838
112720.41,6005,1877.109242298085
96559.7,7277,1326.9163116668956
104692.38,4802,2180.182840483132
195235.87,10687,1826.8538411153738
216847.2,10073,2152.7568748138588
131778.91,6500,2027.3678461538464
86222.29999999999,4949,1742.2166094160434
116356.90000000001,6198,1877.329783801226
119803.0,8301,1443.235754728346
167234.59999999998,11743,1424.121604360044
156636.44,9594,1632.649989576819
169985.69,9279,1831.9397564392716
76608.33,5489,1395.6700674075425
190638.83,11489,1659.3161284707112
218753.6,14285,1531.3517675883795
127807.12,6634,1926.5468797105818
88696.25,5654,1568.7345242306333
139272.31,9284,1500.1325937096078
134207.47,8322,1612.682888728671
125330.0,7444,1683.6378291241267
121821.77,6131,1986.9804273364866
82793.70000000001,5541,1494.201407688143
60107.600000000006,3713,1618.8419068138974
84839.56,3050,2781.624918032787
240713.41,12749,1888.0963997176248
108923.4,6085,1790.0312243221033
86436.06,5450,1585.982752293578
80942.70000000001,3922,2063.8118306986235
124535.20000000001,9713,1282.1496962833317
122600.0,9412,1302.5924351891201
57775.12,3012,1918.1646746347944
104533.15,5770,1811.6663778162908
142089.11,6666,2131.549804980498
69666.6,2969,2346.4668238464133
133665.87,9187,1454.945792968325
276369.46,13821,1999.6343245785401
94535.05,4513,2094.727454021715
293978.14,13405,2193.0484147706084
94618.32,4498,2103.5642507781236
84717.2,5611,1509.841382997683
190039.3,11233,1691.7947120092585
105072.70000000001,7908,1328.6886697015682
227956.0,11722,1944.6852073025082
45548.6,2656,1714.9322289156626
96217.1,4467,2153.953436310723
125683.28,6220,2020.6315112540192
126766.22,6206,2042.6397035127297
118121.08,6177,1912.2726242512545
140369.0,6880,2040.2470930232557
156895.68,10504,1493.6755521706016
107947.70000000001,7459,1447.2141037672611
188970.1,11076,1706.1222462983026
85208.64,5376,1584.9821428571427
85772.8,6290,1363.637519872814
96839.2,7380,1312.1842818428183
171220.46,9744,1757.1886288998357
80392.46,5790,1388.470811744387
110365.0,7956,1387.1920563097033
192999.19,8403,2296.7891229322863
200071.8,9905,2019.907117617365
134705.11,8860,1520.3737020316025
56812.53,3941,1441.5765034255267
84705.0,3703,2287.4696192276533
184264.90000000002,13774,1337.7733410773924
100350.7,7507,1336.7616890901825
168820.5,8652,1951.23092926491
90348.0,6174,1463.3624878522837
77214.7,4151,1860.1469525415564
53005.0,3259,1626.4191469776006
104168.0,7920,1315.2525252525254
116522.5,7589,1535.4130979048623
77691.94,5905,1315.6975444538527
85424.59999999999,4642,1840.2542007755276
93755.3,6998,1339.7442126321807
119205.91,8315,1433.6248947684908
191431.88,11586,1652.2689452787847
121100.0,8279,1462.7370455369005
203852.82,10386,1962.7654534950896
93073.70000000001,6886,1351.6366540807437
78959.98,4895,1613.0741573033706
125337.39,6755,1855.4757957068837
179171.0,10884,1646.1870635795663
90238.9,5998,1504.4831610536844
222941.93,12219,1824.551354447991
148560.23,6826,2176.387782009962
119946.7,6993,1715.2395252395252
224088.66,13020,1721.1110599078343
89628.4,7081,1265.7590735771782
205113.2,11170,1836.2864816472697
101570.0,6688,1518.6901913875597
154196.92,10871,1418.4244319749794
156734.34,8537,1835.9416656905235
176571.95,10273,1718.7963593886889
101402.09999999999,6754,1501.3636363636363
102775.3,4748,2164.601937657961
174757.09999999998,7621,2293.099330796483
108959.67,6176,1764.2433613989638
128872.02,8745,1473.6651801029159
109625.09,7917,1384.6796766451937
216469.0,11531,1877.2786401873211
166565.88,10381,1604.5263462094213
93888.9,7147,1313.6826640548481
81592.5,4833,1688.2371198013655
61151.0,4243,1441.220834315343
102719.59999999999,7532,1363.7758895379711
80007.6,5558,1439.503418495862
187421.5,9704,1931.3839653751031
150628.4,11335,1328.8786943096604
68542.07,3553,1929.1322825781033
204087.3,12595,1620.3834855101231
156704.27,7656,2046.8164838035527
120408.70000000001,7836,1536.6092394078614
110434.2,7633,1446.7994235556137
119617.4,7400,1616.4513513513511
169743.24,10347,1640.5068135691504
95523.62,5410,1765.6861367837337
97190.77,5134,1893.0808336579667
106044.77,5591,1896.7048828474333
121285.44,5769,2102.365054602184
94967.4,7223,1314.7916378236189
63842.399999999994,3461,1844.6229413464316
144963.2,9515,1523.522858644246
120621.6,7105,1697.7002111189304
148863.09,6992,2129.048770022883
107975.92,6596,1636.9909035779258
200656.92,10789,1859.8287144313656
97135.8,7255,1338.8807718814612
100471.90000000001,6972,1441.0771658060814
116132.70000000001,8265,1405.114337568058
127075.36,6266,2028.014044047239
143074.15,9195,1555.9994562262098
107462.90000000001,7761,1384.6527509341581
116876.19,6381,1831.6281147155617
84247.5,4552,1850.779876977153
107448.78,4923,2182.5874466788546
106190.99,5545,1915.0764652840398
164403.80000000002,8254,1991.8076084322756
144353.8,7418,1945.993529253168
180531.30000000002,11012,1639.4051943334546
156808.38,10473,1497.2632483529076
169564.12,8862,1913.3843376213044
126116.92,8704,1448.9535845588236
48745.4,2503,1947.4790251697964
151798.79,6955,2182.5850467289724
81051.40000000001,5937,1365.1911739935995
245045.57,11862,2065.8031529253076
181702.31,8809,2062.6894085594276
46179.799999999996,2252,2050.6127886323266
95655.73,3624,2639.506898454746
192201.89,11488,1673.0665912256268
191719.25,11883,1613.3909787090802
132844.3,7235,1836.1340704906702
94888.9,5919,1603.1238384862306
147803.1,12348,1196.9800777453838
129437.97,6536,1980.3850979192166
183217.8,9031,2028.7653637470933
180447.35,10394,1736.0722532230134
135640.1,9171,1479.0110129756843
107423.9,6846,1569.1484078293893
69028.52,4870,1417.42340862423
197009.38,11356,1734.8483620993306
133018.1,8638,1539.9178050474648
81449.2,4224,1928.248106060606
183223.44,10632,1723.3205417607223
190848.64,11231,1699.3022883091446
248227.45,11852,2094.3929294633817
124729.85,6734,1852.2401247401249
205668.80000000002,12287,1673.8731993163508
138289.39,7713,1792.9390639180606
97944.52,4498,2177.5126722987993
157142.83,10284,1528.0321859198755
85074.3,7496,1134.929295624333
153881.67,8536,1802.737464854733
207489.5,10250,2024.2878048780487
123285.1,8311,1483.3967031644809
85087.0,5876,1448.0428863172226
84152.6,6161,1365.8919006654764
60285.100000000006,2846,2118.239634574842
184015.6,10495,1753.3644592663172
110448.3,7038,1569.313725490196
144334.84,5854,2465.5763580457806
148403.69,9733,1524.7476625911845
147955.30000000002,9032,1638.123339238264
144336.37,8834,1633.873330314693
212513.97,12953,1640.6544429861806
107292.11,5140,2087.3951361867703
88426.6,5831,1516.4911678957299
102197.97,5085,2009.7929203539825
108776.02,4625,2351.913945945946
136327.4,9856,1383.1919642857142
205333.69999999998,9506,2160.0431306543237
150721.01,9156,1646.1447138488425
54744.0,3395,1612.4889543446243
96527.0,6335,1523.7095501183899
109424.02,7963,1374.1557202059528
187910.63,11964,1570.6338181210297
124447.4,9576,1299.576023391813
111086.90000000001,8056,1378.9337140019861
147368.59,10252,1437.4618611002732
56387.42,3219,1751.7061199130164
86106.4,5515,1561.312783318223
160858.9,7905,2034.9006957621757
93269.77,4418,2111.1310547759167
225379.0,13670,1648.7125091441112
126918.91,6915,1835.4144613159797
172145.72,10011,1719.5656777544702
114361.1,5274,2168.3940083428142
115709.71,5832,1984.0485253772292
163658.46,10213,1602.4523646333105
130317.34,6189,2105.628372919696
183539.3,11431,1605.6276791181872
88368.4,4953,1784.138905713709
110944.7,8064,1375.8023313492065
134351.48,7553,1778.7830001323978
91695.21,5460,1679.3994505494506
146066.0,7932,1841.4775592536562
167450.0,10444,1603.3129069322097
114940.1,8284,1387.4951714147755
125256.0,8800,1423.3636363636365
184824.5,13594,1359.6035015447992
162939.77,10355,1573.5371318203765
212989.0,15828,1345.6469547637098
176981.46,9961,1776.7439012147374
151604.2,9092,1667.446106467224
163864.37,10320,1587.833042635659
80835.14,5981,1351.532185253302
174387.5,10974,1589.0969564425004
167402.90000000002,9168,1825.947862129145
202954.96,12206,1662.7475012289035
114068.9,7838,1455.331717274815
121118.4,8287,1461.5470013273803
186090.94,10656,1746.3489114114116
88806.90000000001,6272,1415.9263392857144
154731.0,7854,1970.0916730328495
168749.83,9909,1702.9955595922895
235382.78,9939,2368.274273065701
125077.66,6534,1914.258647076829
160801.7,9312,1726.8223797250862
144085.03,8869,1624.5916112301275
104212.33,4616,2257.6327989601386
151356.0,8010,1889.5880149812733
181229.8,9303,1948.0791142642158
133697.90000000002,10450,1279.4057416267945
148992.90000000002,11323,1315.842974476729
205609.21,10205,2014.7889269965704
64205.9,3506,1831.314888762122
95932.70000000001,7335,1307.8759372869804
172484.9,9914,1739.8113778495056
90560.01,5074,1784.785376428853
149974.17,6242,2402.6621275232296
66957.29999999999,4633,1445.2255557953806
117156.20000000001,8236,1422.489072365226
120031.74,6234,1925.436958614052
99758.92,7205,1384.579042331714
167208.67,9162,1825.0236847849817
118735.13,7576,1567.2535638859558
153732.54,10223,1503.7908637386286
154130.55,10485,1470.0100143061516
83493.0,4371,1910.1578586135897
95185.44,5054,1883.368421052632
162007.3,8637,1875.735787889313
125251.92,8891,1408.7495219885277
128046.21,7058,1814.1996316236896
107875.9,6141,1756.6503826738317
184919.03,10048,1840.3565883757963
57065.600000000006,2508,2275.342902711324
131215.72,6222,2108.8993892639023
184905.3,10941,1690.0219358376748
259821.3,13572,1914.392130857648
155077.7,7991,1940.6544862970843
217012.58,11872,1827.936152291105
187621.5,10293,1822.8067618770037
132109.59,5437,2429.8250873643556
126575.14,6906,1832.8285548798146
135088.79,5853,2308.026482145908
229361.4,13214,1735.7454215226273
103382.6,7709,1341.0636917888182
164002.31,10365,1582.270236372407
116434.79,5511,2112.7706405371077
100119.07,5817,1721.146123431322
154109.33,10076,1529.469333068678
181336.18,7654,2369.168800627123
139014.71,10126,1372.8492000790045
82669.59999999999,4204,1966.450999048525
247758.08,11258,2200.7290815420147
224738.6,11808,1903.274051490515
123057.53,8863,1388.4410470495318
179323.0,10010,1791.4385614385615
236103.0,15415,1531.6445021083362
135106.27,8002,1688.406273431642
217951.6,14260,1528.412342215989
112074.25,6616,1693.9880592503023
188772.99,10209,1849.0840434910372
128891.78,9594,1343.462372316031
58735.9,2712,2165.7780235988203
91699.59999999999,6148,1491.5354586857513
234583.57,12512,1874.8686860613811
110600.57,5886,1879.044682296976
212120.9,10715,1979.6630891273915
108997.6,7451,1462.858676687693
42831.0,2730,1568.9010989010987
125991.9,7066,1783.0724596660061
131030.56,6689,1958.8960980714608
209814.53,10370,2023.283799421408
181564.28,10172,1784.9418010224144
173002.7,9806,1764.25351825413
152855.23,10171,1502.8535050634157
89417.61,3991,2240.481332999248
75844.7,4994,1518.716459751702
107437.90000000001,6986,1537.9029487546522
84314.5,6039,1396.1665838715019
164404.4,9344,1759.464897260274
173919.7,10315,1686.0853126514787
120473.4,8114,1484.7596746364309
108205.76,5416,1997.890694239291
198499.8,11355,1748.126816380449
204424.86,11300,1809.0695575221237
175530.33,10302,1703.8471170646474
190854.75,10954,1742.3292861055322
182812.13,10578,1728.2296275288336
229599.78,13068,1756.9618916437098
90343.70000000001,7135,1266.2046250875965
194890.32,11570,1684.4452895419188
126756.86,6612,1917.0728977616457
255526.69,13654,1871.4419950197744
130828.4,7427,1761.5241685741214
187633.0,13417,1398.4720876499964
109895.55,6503,1689.920805781947
93723.70000000001,6923,1353.8018200202225
210504.1,10301,2043.5307251723134
102816.97,6301,1631.7563878749404
73122.8,5827,1254.8961729878154
203312.6,10774,1887.0670131798774
167498.2,9758,1716.5218282434926
216826.22,12475,1738.0859318637274
134091.3,9031,1484.7890599047723
186170.87,10217,1822.167661740237
132042.63,6391,2066.0715068064465
181945.3,13195,1378.8957938613112
184251.63,10531,1749.6119077010733
131596.3,8927,1474.1380082894589
147908.8,10280,1438.8015564202333
217745.0,11285,1929.5081967213114
128544.54,5500,2337.173454545454
136853.1,7482,1829.0978348035285
121996.29999999999,6128,1990.8012402088773
145988.5,10480,1393.020038167939
111009.5,6191,1793.0786625747053
100826.5,6497,1551.8931814683701
203873.5,12010,1697.5312239800169
195130.0,12400,1573.6290322580646
105214.2,7461,1410.1889827100924
116991.4,7885,1483.7209892200378
198835.47,11859,1676.6630407285606
130935.1,7682,1704.4402499349128
86441.53,6459,1338.3113485059607
111337.35,7064,1576.1233012457533
121336.1,8780,1381.9601366742597
146265.8,12564,1164.1658707418019
169592.0,13880,1221.8443804034582
137100.77,7311,1875.2669949391325
116974.7,9233,1266.9197443951045
103632.68,5435,1906.765041398344
232873.0,16548,1407.2576746434615
180274.59,11554,1560.2786048121861
128307.6,8405,1526.562760261749
201492.98,11637,1731.4856062559081
137261.82,7694,1784.0111775409412
233587.1,12476,1872.291599871754
140446.6,8295,1693.1476793248949
70354.2,5975,1177.476150627615
85384.41,5997,1423.7853926963483
104954.51,7921,1325.015907082439
187243.1,12108,1546.441195903535
109635.54,6217,1763.4798134148302
57856.63,3530,1638.9980169971673
93629.45,5576,1679.1508249641317
218160.37,12383,1761.7731567471533
141017.96,9297,1516.811444552006
218998.59,11999,1825.1403450287523
133187.7,8253,1613.8095238095239
95278.68,5433,1753.7029265599117
163223.3,10316,1582.2343931756495
49340.200000000004,2779,1775.4659949622169
182585.8,8993,2030.310241298788
124758.6,6618,1885.140525838622
193043.74,11034,1749.5354359253217
121877.09,5287,2305.2220540949497
218762.64,12314,1776.5359753126525
205370.85,9360,2194.1330128205127
187557.5,10313,1818.6512169106952
124667.70000000001,9310,1339.0730397422128
51615.100000000006,4096,1260.1342773437502
81346.72,5289,1538.03592361505
137564.5,8448,1628.3676609848485
177125.7,10947,1618.0295971499042
162834.48,10954,1486.529852108819
213707.1,9455,2260.2548915917505
131651.3,8635,1524.624203821656
187542.5,10306,1819.7409276149817
90166.0,5714,1577.9838991949598
87674.56,5095,1720.7960745829243
98753.2,5810,1699.710843373494
87962.5,5754,1528.7191518943343
64509.01,2941,2193.4379462767765
189403.57,12177,1555.4206290547756
135566.6,9518,1424.3181340617778
85540.91,6390,1338.6683881064164
160461.2,10715,1497.538030797947
59906.56,4589,1305.4382218348223
96665.1,6860,1409.1122448979593
196014.3,13515,1450.3462819089898
108185.8,6562,1648.6711368485217
201373.22,9653,2086.120584274319
83576.9,5008,1668.8678115015975
121350.65,6746,1798.8533946042096
114641.8,6423,1784.8637708236026
247947.42,13602,1822.8747243052492
131093.71,6245,2099.1787029623697
69705.8,3712,1877.8502155172414
166828.6,10492,1590.055280213496
174555.43,11628,1501.1646886824904
124856.75,9021,1384.0677308502384
64926.1,4580,1417.6004366812228
210219.86,10318,2037.4089939910834
176419.8,9449,1867.0737644195153
128294.97,6860,1870.1890670553937
169129.28,11438,1478.6613044238504
98116.08,6051,1621.4853743182946
149303.44,10218,1461.1806615776081
145462.92,5826,2496.788877445932
242358.96,13476,1798.4487978628672
86490.1,4608,1876.955295138889
88006.61,4531,1942.3220039726332
75624.0,4786,1580.108650229837
186698.73,11566,1614.203095279267
82852.8,4297,1928.1545264137771
103958.88,6135,1694.5212713936432
169953.30000000002,13673,1242.9847144006437
115827.90000000001,9167,1263.5311443220248
155230.5,10222,1518.5922520054783
140458.9,11121,1263.006024638072
96850.1,6973,1388.9301591854296
82930.03,4644,1785.7456933677863
126171.29999999999,9056,1393.2343197879857
132323.5,11783,1123.0034795892386
106498.32,5359,1987.2797163649934
204479.1,11113,1839.9991001529743
124861.42,7038,1774.1037226484796
130637.5,9071,1440.1664645573806
169784.24,10502,1616.6848219386782
88255.59999999999,3996,2208.5985985985985
89826.1,5417,1658.2259553258261
135204.1,7643,1768.9925421954729
88068.09999999999,6586,1337.2016398420892
107038.73,5609,1908.3389195935106
78462.1,5880,1334.389455782313
101532.8,7036,1443.0471859010802
94152.09999999999,6124,1537.4281515349444
102332.90000000001,5885,1738.8768054375532
110276.14,6582,1675.4199331510179
90864.76,5007,1814.7545436389055
122456.20000000001,8834,1386.1919855105275
154663.3,7819,1978.0445069702007
87067.0,4139,2103.5757429330756
108535.40000000001,7296,1487.6014254385966
85923.09,4291,2002.4024702866463
122321.1,8159,1499.2168157862484
124763.4,6338,1968.4979488797726
179257.0,10103,1774.2947639315055
176611.5,10318,1711.6834657879433
171172.90000000002,11669,1466.9029051332593
134373.75,6527,2058.736785659568
93664.84,4991,1876.6748146663997
113148.70000000001,7787,1453.04610247849
147779.1,11746,1258.1227651966626
104337.90000000001,6629,1573.9613818072107
93086.38,4725,1970.0821164021163
130798.4,8588,1523.0367955286445
143601.59,10201,1407.720713655524
174182.40000000002,12133,1435.6086705678729
177590.21,8795,2019.2178510517338
141767.06,9351,1516.0630948561652
122583.61,5795,2115.3340811044004
146025.5,9061,1611.582606776294
90123.5,5459,1650.9159186664224
87607.47,4406,1988.3674534725376
201419.0,13258,1519.226127621059
134208.77,9777,1372.6988851385904
185711.1,14101,1317.0065952769307
102974.73,6488,1587.156750924784
144810.9,10551,1372.4850725049757
174140.65,11022,1579.9369442932316
104581.83,4994,2094.1495794953944
55234.62,3130,1764.6843450479234
141723.57,6853,2068.0515102874656
140067.5,7797,1796.4281133769398
137980.39,8199,1682.892913769972
103127.99,5611,1837.960969524149
52045.9,3349,1554.0728575694236
138448.71,6348,2180.9815689981097
136426.4,9556,1427.6517371285056
96605.98,4889,1975.986500306811
131050.38,7763,1688.1409249001674
125222.71,5997,2088.0892112723027
123163.4,6607,1864.1350083245043
118337.61,8857,1336.0913401829062
198740.80000000002,15033,1322.0302002261692
134513.25,8988,1496.5871161548732
153221.5,9516,1610.1460697772172
182884.02,9371,1951.5955607725964
51821.1,3973,1304.3317392398692
155522.16,10158,1531.0313053750738
65474.13,4263,1535.8698099929625
145106.39,10288,1410.443137636081
195860.09999999998,10814,1811.171629369336
255273.83,13101,1948.5064498893212
115600.20000000001,7314,1580.533223954061
100193.43,6599,1518.3123200484922
97081.06,5478,1772.1989777290983
104995.98,4685,2241.109498399146
139278.7,7639,1823.2582798795654
76839.79999999999,4261,1803.3278573104901
143454.72,9451,1517.87874299016
76828.0,6609,1162.475412316538
83785.93,4902,1709.219298245614
175386.9,9653,1816.9159846679786
79722.4,4175,1909.5185628742513
154724.3,8849,1748.4947451689454
83203.24,4184,1988.6051625239006
99484.0,7190,1383.6439499304588
138016.3,8898,1551.0935041582377
93813.19,5447,1722.2909858637784
64593.63,4906,1316.6251528740318
177402.8,13276,1336.2669478758662
98892.11,4991,1981.4087357243036
95919.59999999999,4586,2091.5743567378977
184958.41,9750,1897.0093333333334
199755.0,10743,1859.396816531695
133699.0,9295,1438.3969876277567
147452.46,8217,1794.480467323841
103214.92,5309,1944.1499340742137
192107.40000000002,10093,1903.3726344991583
128151.1,7077,1810.8110781404553
140262.4,8679,1616.112455351999
73932.8,4330,1707.4549653579677
158731.21,6495,2443.8985373364126
233267.76,12303,1896.0234089246526
188056.17,11452,1642.1251309814882
103822.2,7636,1359.641173389209
108356.20000000001,8275,1309.440483383686
117788.6,9380,1255.7420042643923
129156.5,7129,1811.7057090756066
113355.33,6461,1754.4548831450238
